Fi,Cajas,MaxItr,Time
0.976024,2,1000,55.4139
0.93448,1,1000,38.7975
0.976024,2,1000,55.1204
0.93448,1,1000,38.7685
0.96328,3,1000,52.5917
0.976024,2,1000,40.9328
0.97408,1,1000,55.6438
0.955992,2,1000,39.4974
0.976024,2,1000,54.7789
0.955992,2,1000,40.8871
0.966032,2,1000,52.8673
0.951576,3,1000,39.6949
0.977496,2,1000,56.7128
0.93448,1,1000,38.6439
0.93448,1,1000,55.6672
0.966904,6,1000,39.3864
0.976024,2,1000,52.8933
0.987728,2,1000,52.6528
0.96956,4,1000,52.4159
0.949416,3,1000,52.332
