Fi,Cajas,MaxItr,Time
0.910014,4,1000,225.905
0.904434,2,1000,154.542
0.904434,2,1000,218.196
0.89025,4,1000,160.085
0.893844,4,1000,223.067
0.908698,4,1000,159.106
0.963516,7,1000,219.234
0.93222,3,1000,161.444
0.925098,2,1000,221.982
0.904434,2,1000,159.572
0.93874,2,1000,217.253
0.897034,3,1000,161.661
0.920502,2,1000,221.166
0.904434,2,1000,156.092
0.896334,3,1000,224.233
0.904434,2,1000,154.761
0.904434,2,1000,216.94
0.904434,2,1000,222.975
0.904434,2,1000,226.85
0.910272,4,1000,227.137
